locus,position,adjacency_selection_freq,tier
pos_189,189,1.0,HIGH
pos_278,278,0.97,HIGH
pos_289,289,0.96,HIGH
pos_156,156,0.905,HIGH
pos_133,133,0.86,MOD
pos_158,158,0.49,UNSTABLE
pos_190,190,0.39,UNSTABLE
pos_126,126,0.35,UNSTABLE
pos_157,157,0.165,UNSTABLE
pos_262,262,0.165,UNSTABLE
pos_193,193,0.15,UNSTABLE
pos_106,106,0.075,UNSTABLE
pos_79,79,0.06,UNSTABLE
pos_44,44,0.05,UNSTABLE
pos_159,159,0.035,UNSTABLE
pos_135,135,0.015,UNSTABLE
pos_2,2,0.015,UNSTABLE
pos_137,137,0.015,UNSTABLE
pos_143,143,0.015,UNSTABLE
pos_144,144,0.015,UNSTABLE
pos_160,160,0.015,UNSTABLE
pos_163,163,0.015,UNSTABLE
pos_173,173,0.015,UNSTABLE
pos_244,244,0.015,UNSTABLE
pos_248,248,0.015,UNSTABLE
pos_260,260,0.015,UNSTABLE
pos_307,307,0.015,UNSTABLE
pos_175,175,0.005,UNSTABLE
pos_310,310,0.005,UNSTABLE
pos_261,261,0.005,UNSTABLE
pos_62,62,0.005,UNSTABLE
pos_276,276,0.005,UNSTABLE
